20220763;300.png
20231491;301.png
20231494;302.png
20220780;303.png
20240460;304.png
20240988;305.png
20240473;306.png
20241040;307.png
20240962;308.png
20240525;309.png
20241028;310.png
20240506;311.png
20240372;312.png
20231722;313.png
20231289;314.png
20240514;315.png
20231688;316.png
20231671;317.png
20231626;318.png
20240610;319.png
20240533;320.png
20240357;321.png
20240982;322.png
20240531;323.png
20240854;324.png
20240810;325.png
20240815;326.png
20240855;327.png
20240507;328.png
20230693;329.png
20240467;330.png
20241002;331.png
20240513;332.png
20240804;333.png
20230311;334.png
20240518;335.png
20240976;336.png
20231637;337.png
20240811;338.png
20240331;339.png
20240623;340.png
20240869;341.png
20240874;342.png
20230151;343.png
20240426;344.png
20240837;345.png
20241588;346.png
20240550;347.png
20240519;348.png
20240421;349.png
20240828;350.png
20231687;351.png
20240823;352.png
20230117;353.png
20240471;354.png
20240541;355.png
20240366;356.png
20240555;357.png
20240591;358.png
20240487;359.png
20240842;360.png
20240522;361.png
20240970;362.png
20240501;363.png
20221468;364.png
20231326;365.png
20230176;366.png
20240600;367.png
20240847;368.png
20240437;369.png
20240632;370.png
20240801;371.png
20240818;372.png
20231589;373.png
20240358;374.png
20240492;375.png
20230321;376.png
20241034;377.png
20240381;378.png
20230531;379.png
20231288;380.png
20240535;381.png
20240545;382.png
20240592;383.png
20240490;384.png
20230992;385.png
20240611;386.png
20211642;387.png
20230302;388.png
20240946;389.png
20240524;390.png
20240897;391.png
20231377;392.png
20240359;393.png
20231225;394.png
20240983;395.png
20231248;396.png
20240585;397.png
20240553;398.png
20240484;399.png
20240436;400.png
20230483;401.png
20241029;402.png
